Level 1,Level 2,Level 3,Level 4,Level 5,Level 6
1: Frontal_Lobe (Frontal),2: anterior_cingulate_gyrus (ACgG),3: anterior_cingulate_cortex (ACC),4: area_32 (area_32),4: area_32 (area_32),4: area_32 (area_32)
1: Frontal_Lobe (Frontal),2: anterior_cingulate_gyrus (ACgG),3: anterior_cingulate_cortex (ACC),5: subgenual_cortex (area_25),5: subgenual_cortex (area_25),5: subgenual_cortex (area_25)
1: Frontal_Lobe (Frontal),2: anterior_cingulate_gyrus (ACgG),3: anterior_cingulate_cortex (ACC),6: area_24 (area_24),7: areas_24a_and_24b (area_24a/b),8: area_24a (area_24a)
1: Frontal_Lobe (Frontal),2: anterior_cingulate_gyrus (ACgG),3: anterior_cingulate_cortex (ACC),6: area_24 (area_24),7: areas_24a_and_24b (area_24a/b),9: area_24b (area_24b)
1: Frontal_Lobe (Frontal),2: anterior_cingulate_gyrus (ACgG),3: anterior_cingulate_cortex (ACC),6: area_24 (area_24),10: area_24c (area_24c),10: area_24c (area_24c)
1: Frontal_Lobe (Frontal),2: anterior_cingulate_gyrus (ACgG),11: midcingulate_cortex (MCC),11: midcingulate_cortex (MCC),12: areas_24a'_and_24b' (area_24a/b_prime),13: area_24a' (area_24a_prime)
1: Frontal_Lobe (Frontal),2: anterior_cingulate_gyrus (ACgG),11: midcingulate_cortex (MCC),11: midcingulate_cortex (MCC),12: areas_24a'_and_24b' (area_24a/b_prime),14: area_24b' (area_24b_prime)
1: Frontal_Lobe (Frontal),2: anterior_cingulate_gyrus (ACgG),11: midcingulate_cortex (MCC),11: midcingulate_cortex (MCC),15: area_24c' (area_24c_prime),15: area_24c' (area_24c_prime)
1: Frontal_Lobe (Frontal),16: orbital_frontal_cortex (OFC),17: medial_orbital_frontal_cortex (med_OFC),18: frontal_pole (area_10),18: frontal_pole (area_10),19: rostral_medial_frontal_pole (area_10mr)
1: Frontal_Lobe (Frontal),16: orbital_frontal_cortex (OFC),17: medial_orbital_frontal_cortex (med_OFC),18: frontal_pole (area_10),18: frontal_pole (area_10),20: caudal_medial_frontal_pole (area_10mc)
1: Frontal_Lobe (Frontal),16: orbital_frontal_cortex (OFC),17: medial_orbital_frontal_cortex (med_OFC),18: frontal_pole (area_10),18: frontal_pole (area_10),21: orbital_frontal_pole (area_10o)
1: Frontal_Lobe (Frontal),16: orbital_frontal_cortex (OFC),17: medial_orbital_frontal_cortex (med_OFC),22: gyrus_rectus (area_14),22: gyrus_rectus (area_14),23: rostral_gyrus_rectus (area_14r)
1: Frontal_Lobe (Frontal),16: orbital_frontal_cortex (OFC),17: medial_orbital_frontal_cortex (med_OFC),22: gyrus_rectus (area_14),22: gyrus_rectus (area_14),24: caudal_gyrus_rectus (area_14c)
1: Frontal_Lobe (Frontal),16: orbital_frontal_cortex (OFC),25: lateral_orbital_frontal_cortex (lat_OFC),26: areas_11_and_13 (areas_11/13),27: area_11 (area_11),28: medial_area_11 (area_11m)
1: Frontal_Lobe (Frontal),16: orbital_frontal_cortex (OFC),25: lateral_orbital_frontal_cortex (lat_OFC),26: areas_11_and_13 (areas_11/13),27: area_11 (area_11),29: lateral_area_11 (area_11l)
1: Frontal_Lobe (Frontal),16: orbital_frontal_cortex (OFC),25: lateral_orbital_frontal_cortex (lat_OFC),26: areas_11_and_13 (areas_11/13),30: area_13 (area_13),31: areas_13a_and_13b (area_13a/b)
1: Frontal_Lobe (Frontal),16: orbital_frontal_cortex (OFC),25: lateral_orbital_frontal_cortex (lat_OFC),26: areas_11_and_13 (areas_11/13),30: area_13 (area_13),31: areas_13a_and_13b (area_13a/b)
1: Frontal_Lobe (Frontal),16: orbital_frontal_cortex (OFC),25: lateral_orbital_frontal_cortex (lat_OFC),26: areas_11_and_13 (areas_11/13),30: area_13 (area_13),32: medial_area_13 (area_13m)
1: Frontal_Lobe (Frontal),16: orbital_frontal_cortex (OFC),25: lateral_orbital_frontal_cortex (lat_OFC),26: areas_11_and_13 (areas_11/13),30: area_13 (area_13),33: lateral_area_13 (area_13l)
1: Frontal_Lobe (Frontal),16: orbital_frontal_cortex (OFC),25: lateral_orbital_frontal_cortex (lat_OFC),34: medial_and_orbital_area_12 (area_12m/o),34: medial_and_orbital_area_12 (area_12m/o),35: medial_area_12 (area_12m)
1: Frontal_Lobe (Frontal),16: orbital_frontal_cortex (OFC),25: lateral_orbital_frontal_cortex (lat_OFC),34: medial_and_orbital_area_12 (area_12m/o),34: medial_and_orbital_area_12 (area_12m/o),36: orbital_area_12 (area_12o)
1: Frontal_Lobe (Frontal),16: orbital_frontal_cortex (OFC),37: caudal_orbital_frontal_cortex (caudal_OFC),38: agranular_orbitofrontal_cortex (OFa-p),39: medial_agranular_insular_region (Iam/Iapm),39: medial_agranular_insular_region (Iam/Iapm)
1: Frontal_Lobe (Frontal),16: orbital_frontal_cortex (OFC),37: caudal_orbital_frontal_cortex (caudal_OFC),38: agranular_orbitofrontal_cortex (OFa-p),39: medial_agranular_insular_region (Iam/Iapm),39: medial_agranular_insular_region (Iam/Iapm)
1: Frontal_Lobe (Frontal),16: orbital_frontal_cortex (OFC),37: caudal_orbital_frontal_cortex (caudal_OFC),38: agranular_orbitofrontal_cortex (OFa-p),40: lateral_agranular_insular_region (lat_Ia),41: intermediate_agranular_insula_area (Iai)
1: Frontal_Lobe (Frontal),16: orbital_frontal_cortex (OFC),37: caudal_orbital_frontal_cortex (caudal_OFC),38: agranular_orbitofrontal_cortex (OFa-p),40: lateral_agranular_insular_region (lat_Ia),42: lateral_agranular_insula_area (Ial)
1: Frontal_Lobe (Frontal),16: orbital_frontal_cortex (OFC),37: caudal_orbital_frontal_cortex (caudal_OFC),38: agranular_orbitofrontal_cortex (OFa-p),40: lateral_agranular_insular_region (lat_Ia),43: posterior_lateral_agranular_insula_area (Iapl)
1: Frontal_Lobe (Frontal),16: orbital_frontal_cortex (OFC),37: caudal_orbital_frontal_cortex (caudal_OFC),44: primary_olfactory_cortex (OLF),44: primary_olfactory_cortex (OLF),45: anterior_olfactory_cortex (AON/TTv)
1: Frontal_Lobe (Frontal),16: orbital_frontal_cortex (OFC),37: caudal_orbital_frontal_cortex (caudal_OFC),44: primary_olfactory_cortex (OLF),44: primary_olfactory_cortex (OLF),45: anterior_olfactory_cortex (AON/TTv)
1: Frontal_Lobe (Frontal),16: orbital_frontal_cortex (OFC),37: caudal_orbital_frontal_cortex (caudal_OFC),44: primary_olfactory_cortex (OLF),44: primary_olfactory_cortex (OLF),45: anterior_olfactory_cortex (AON/TTv)
1: Frontal_Lobe (Frontal),16: orbital_frontal_cortex (OFC),37: caudal_orbital_frontal_cortex (caudal_OFC),44: primary_olfactory_cortex (OLF),44: primary_olfactory_cortex (OLF),46: posterior_olfactory_cortex (OT/Pir)
1: Frontal_Lobe (Frontal),16: orbital_frontal_cortex (OFC),37: caudal_orbital_frontal_cortex (caudal_OFC),44: primary_olfactory_cortex (OLF),44: primary_olfactory_cortex (OLF),46: posterior_olfactory_cortex (OT/Pir)
1: Frontal_Lobe (Frontal),16: orbital_frontal_cortex (OFC),37: caudal_orbital_frontal_cortex (caudal_OFC),47: caudolateral_orbitofrontal_cortex (cl_OFC),48: gustatory_cortex (G),48: gustatory_cortex (G)
1: Frontal_Lobe (Frontal),16: orbital_frontal_cortex (OFC),37: caudal_orbital_frontal_cortex (caudal_OFC),47: caudolateral_orbitofrontal_cortex (cl_OFC),49: precentral_operular_area (PrCO),49: precentral_operular_area (PrCO)
1: Frontal_Lobe (Frontal),50: lateral_prefrontal_cortex (lat_PFC),51: periarcuate_area_8A_(Frontal_Eye_Fields) (area_8A),51: periarcuate_area_8A_(Frontal_Eye_Fields) (area_8A),51: periarcuate_area_8A_(Frontal_Eye_Fields) (area_8A),52: dorsal_periarcuate_area_8A (area_8Ad)
1: Frontal_Lobe (Frontal),50: lateral_prefrontal_cortex (lat_PFC),51: periarcuate_area_8A_(Frontal_Eye_Fields) (area_8A),51: periarcuate_area_8A_(Frontal_Eye_Fields) (area_8A),51: periarcuate_area_8A_(Frontal_Eye_Fields) (area_8A),53: ventral_periarcuate_area_8A (area_8Av)
1: Frontal_Lobe (Frontal),50: lateral_prefrontal_cortex (lat_PFC),54: dorsolateral_prefrontal_cortex (dlPFC),55: area_8B (area_8B),55: area_8B (area_8B),56: dorsal_area_8B (area_8Bd)
1: Frontal_Lobe (Frontal),50: lateral_prefrontal_cortex (lat_PFC),54: dorsolateral_prefrontal_cortex (dlPFC),55: area_8B (area_8B),55: area_8B (area_8B),57: medial_area_8B (area_8Bm)
1: Frontal_Lobe (Frontal),50: lateral_prefrontal_cortex (lat_PFC),54: dorsolateral_prefrontal_cortex (dlPFC),55: area_8B (area_8B),55: area_8B (area_8B),58: arcuate_sulcus_area_8B (area_8Bs)
1: Frontal_Lobe (Frontal),50: lateral_prefrontal_cortex (lat_PFC),54: dorsolateral_prefrontal_cortex (dlPFC),59: rostral_dorsolateral_prefrontal_cortex (rostral_dlPFC),60: area_9 (area_9),61: dorsal_area_9 (area_9d)
1: Frontal_Lobe (Frontal),50: lateral_prefrontal_cortex (lat_PFC),54: dorsolateral_prefrontal_cortex (dlPFC),59: rostral_dorsolateral_prefrontal_cortex (rostral_dlPFC),60: area_9 (area_9),62: medial_area_9 (area_9m)
1: Frontal_Lobe (Frontal),50: lateral_prefrontal_cortex (lat_PFC),54: dorsolateral_prefrontal_cortex (dlPFC),59: rostral_dorsolateral_prefrontal_cortex (rostral_dlPFC),63: dorsal_area_46 (area_46d),63: dorsal_area_46 (area_46d)
1: Frontal_Lobe (Frontal),50: lateral_prefrontal_cortex (lat_PFC),64: ventrolateral_prefrontal_cortex (vlPFC),65: rostral_ventrolateral_prefrontal_cortex (rostral_vlPFC),66: ventral_and_fundus_portion_of_area_46 (area_46v/f),67: area_46_in_fundus_of_the_principal_sulcus (area_46f)
1: Frontal_Lobe (Frontal),50: lateral_prefrontal_cortex (lat_PFC),64: ventrolateral_prefrontal_cortex (vlPFC),65: rostral_ventrolateral_prefrontal_cortex (rostral_vlPFC),66: ventral_and_fundus_portion_of_area_46 (area_46v/f),68: ventral_area_46 (area_46v)
1: Frontal_Lobe (Frontal),50: lateral_prefrontal_cortex (lat_PFC),64: ventrolateral_prefrontal_cortex (vlPFC),65: rostral_ventrolateral_prefrontal_cortex (rostral_vlPFC),69: rostral_and_lateral_area_12 (area_12r/l),70: lateral_area_12 (area_12l)
1: Frontal_Lobe (Frontal),50: lateral_prefrontal_cortex (lat_PFC),64: ventrolateral_prefrontal_cortex (vlPFC),65: rostral_ventrolateral_prefrontal_cortex (rostral_vlPFC),69: rostral_and_lateral_area_12 (area_12r/l),71: rostral_area_12 (area_12r)
1: Frontal_Lobe (Frontal),50: lateral_prefrontal_cortex (lat_PFC),64: ventrolateral_prefrontal_cortex (vlPFC),72: caudal_ventrolateral_prefrontal_cortex (caudal_vlPFC),73: area_45 (area_45),74: area_45a (area_45a)
1: Frontal_Lobe (Frontal),50: lateral_prefrontal_cortex (lat_PFC),64: ventrolateral_prefrontal_cortex (vlPFC),72: caudal_ventrolateral_prefrontal_cortex (caudal_vlPFC),73: area_45 (area_45),75: area_45b (area_45b)
1: Frontal_Lobe (Frontal),50: lateral_prefrontal_cortex (lat_PFC),64: ventrolateral_prefrontal_cortex (vlPFC),72: caudal_ventrolateral_prefrontal_cortex (caudal_vlPFC),76: area_44 (area_44),76: area_44 (area_44)
1: Frontal_Lobe (Frontal),77: motor_cortex (motor),78: lateral_motor_cortex (M1/PM),79: primary_motor_cortex (M1),79: primary_motor_cortex (M1),79: primary_motor_cortex (M1)
1: Frontal_Lobe (Frontal),77: motor_cortex (motor),78: lateral_motor_cortex (M1/PM),80: premotor_cortex (PM),81: dorsal_premotor_cortex (PMd),82: caudal_dorsal_premotor_cortex (PMdc)
1: Frontal_Lobe (Frontal),77: motor_cortex (motor),78: lateral_motor_cortex (M1/PM),80: premotor_cortex (PM),81: dorsal_premotor_cortex (PMd),83: rostral_dorsal_premotor_cortex (PMdr)
1: Frontal_Lobe (Frontal),77: motor_cortex (motor),78: lateral_motor_cortex (M1/PM),80: premotor_cortex (PM),84: ventral_premotor_cortex (PMv),85: area_F4_of_ventral_premotor_cortex (F4)
1: Frontal_Lobe (Frontal),77: motor_cortex (motor),78: lateral_motor_cortex (M1/PM),80: premotor_cortex (PM),84: ventral_premotor_cortex (PMv),86: area_F5_of_ventral_premotor_cortex (F5)
1: Frontal_Lobe (Frontal),77: motor_cortex (motor),87: medial_supplementary_motor_areas (SMA/preSMA),87: medial_supplementary_motor_areas (SMA/preSMA),88: presupplementary_motor_area (preSMA),88: presupplementary_motor_area (preSMA)
1: Frontal_Lobe (Frontal),77: motor_cortex (motor),87: medial_supplementary_motor_areas (SMA/preSMA),87: medial_supplementary_motor_areas (SMA/preSMA),89: supplementary_motor_area (SMA),89: supplementary_motor_area (SMA)
90: Parietal_Lobe (Parietal),91: somatosensory_cortex (SI/SII),92: primary_somatosensory_cortex (SI),92: primary_somatosensory_cortex (SI),93: areas_3a_and_3b (area_3a/b),93: areas_3a_and_3b (area_3a/b)
90: Parietal_Lobe (Parietal),91: somatosensory_cortex (SI/SII),92: primary_somatosensory_cortex (SI),92: primary_somatosensory_cortex (SI),94: areas_1-2 (areas_1-2),94: areas_1-2 (areas_1-2)
90: Parietal_Lobe (Parietal),91: somatosensory_cortex (SI/SII),95: secondary_somatosensory_cortex (SII),95: secondary_somatosensory_cortex (SII),95: secondary_somatosensory_cortex (SII),95: secondary_somatosensory_cortex (SII)
90: Parietal_Lobe (Parietal),96: superior_parietal_lobule (SPL),97: visual_areas_V6_and_V6A (V6/V6A),98: visual_area_V6 (V6),98: visual_area_V6 (V6),98: visual_area_V6 (V6)
90: Parietal_Lobe (Parietal),96: superior_parietal_lobule (SPL),97: visual_areas_V6_and_V6A (V6/V6A),99: visual_area_V6A (V6A),99: visual_area_V6A (V6A),100: ventral_visual_area_6A (V6Av)
90: Parietal_Lobe (Parietal),96: superior_parietal_lobule (SPL),97: visual_areas_V6_and_V6A (V6/V6A),99: visual_area_V6A (V6A),99: visual_area_V6A (V6A),101: dorsal_visual_area_6A (V6Ad)
90: Parietal_Lobe (Parietal),96: superior_parietal_lobule (SPL),102: area_5 (area_5),102: area_5 (area_5),103: dorsal_area_5 (area_5d),104: areas_PEc_and_PEci (PEc/PEci)
90: Parietal_Lobe (Parietal),96: superior_parietal_lobule (SPL),102: area_5 (area_5),102: area_5 (area_5),103: dorsal_area_5 (area_5d),104: areas_PEc_and_PEci (PEc/PEci)
90: Parietal_Lobe (Parietal),96: superior_parietal_lobule (SPL),102: area_5 (area_5),102: area_5 (area_5),103: dorsal_area_5 (area_5d),105: area_PE (PE)
90: Parietal_Lobe (Parietal),96: superior_parietal_lobule (SPL),102: area_5 (area_5),102: area_5 (area_5),106: area_PEa (PEa),106: area_PEa (PEa)
90: Parietal_Lobe (Parietal),96: superior_parietal_lobule (SPL),107: ventromedial_intraparietal_sulcus (vm_IPS),107: ventromedial_intraparietal_sulcus (vm_IPS),108: medial_intraparietal_area (MIP),108: medial_intraparietal_area (MIP)
90: Parietal_Lobe (Parietal),96: superior_parietal_lobule (SPL),107: ventromedial_intraparietal_sulcus (vm_IPS),107: ventromedial_intraparietal_sulcus (vm_IPS),109: fundus_of_the_intraparietal_sulcus (fundus_IPS),110: ventral_intraparietal_area (VIP)
90: Parietal_Lobe (Parietal),96: superior_parietal_lobule (SPL),107: ventromedial_intraparietal_sulcus (vm_IPS),107: ventromedial_intraparietal_sulcus (vm_IPS),109: fundus_of_the_intraparietal_sulcus (fundus_IPS),111: posterior_intraparietal_area (PIP)
90: Parietal_Lobe (Parietal),112: inferior_parietal_lobule (IPL),113: lateral_intraparietal_sulcus (lat_IPS),113: lateral_intraparietal_sulcus (lat_IPS),114: anterior_intraparietal_area (AIP),114: anterior_intraparietal_area (AIP)
90: Parietal_Lobe (Parietal),112: inferior_parietal_lobule (IPL),113: lateral_intraparietal_sulcus (lat_IPS),113: lateral_intraparietal_sulcus (lat_IPS),115: lateral_intraparietal_area (LIP),116: dorsal_lateral_intraparietal_area (LIPd)
90: Parietal_Lobe (Parietal),112: inferior_parietal_lobule (IPL),113: lateral_intraparietal_sulcus (lat_IPS),113: lateral_intraparietal_sulcus (lat_IPS),115: lateral_intraparietal_area (LIP),117: ventral_lateral_intraparietal_area (LIPv)
90: Parietal_Lobe (Parietal),112: inferior_parietal_lobule (IPL),113: lateral_intraparietal_sulcus (lat_IPS),113: lateral_intraparietal_sulcus (lat_IPS),118: lateral_occipital_parietal_area (LOP),118: lateral_occipital_parietal_area (LOP)
90: Parietal_Lobe (Parietal),112: inferior_parietal_lobule (IPL),119: medial_superior_temporal_area (MST),119: medial_superior_temporal_area (MST),119: medial_superior_temporal_area (MST),119: medial_superior_temporal_area (MST)
90: Parietal_Lobe (Parietal),112: inferior_parietal_lobule (IPL),120: area_7_in_the_inferior_parietal_lobule (area_7_in_IPL),120: area_7_in_the_inferior_parietal_lobule (area_7_in_IPL),121: inferior_parietal_lobule_areas_7a_and_7b (area_7a/b),122: caudal_inferior_parietal_lobule_area_7a_(Opt/PG) (area_7a)
90: Parietal_Lobe (Parietal),112: inferior_parietal_lobule (IPL),120: area_7_in_the_inferior_parietal_lobule (area_7_in_IPL),120: area_7_in_the_inferior_parietal_lobule (area_7_in_IPL),121: inferior_parietal_lobule_areas_7a_and_7b (area_7a/b),123: rostral_inferior_parietal_lobule_area_7b_(PFG/PF) (area_7b)
90: Parietal_Lobe (Parietal),112: inferior_parietal_lobule (IPL),120: area_7_in_the_inferior_parietal_lobule (area_7_in_IPL),120: area_7_in_the_inferior_parietal_lobule (area_7_in_IPL),124: parietal_operculum (area_7op),124: parietal_operculum (area_7op)
90: Parietal_Lobe (Parietal),125: posterior_medial_cortex (PMC),126: area_7_(PGm)_on_the_medial_wall (area_7m),126: area_7_(PGm)_on_the_medial_wall (area_7m),126: area_7_(PGm)_on_the_medial_wall (area_7m),126: area_7_(PGm)_on_the_medial_wall (area_7m)
90: Parietal_Lobe (Parietal),125: posterior_medial_cortex (PMC),127: posterior_cingulate_gyrus (PCgG),128: posterior_cingulate_cortex (PCC),129: area_31 (area_31),129: area_31 (area_31)
90: Parietal_Lobe (Parietal),125: posterior_medial_cortex (PMC),127: posterior_cingulate_gyrus (PCgG),128: posterior_cingulate_cortex (PCC),130: area_23 (area_23),131: area_23a (area_23a)
90: Parietal_Lobe (Parietal),125: posterior_medial_cortex (PMC),127: posterior_cingulate_gyrus (PCgG),128: posterior_cingulate_cortex (PCC),130: area_23 (area_23),132: area_23b (area_23b)
90: Parietal_Lobe (Parietal),125: posterior_medial_cortex (PMC),127: posterior_cingulate_gyrus (PCgG),128: posterior_cingulate_cortex (PCC),130: area_23 (area_23),133: area_23c (area_23c)
90: Parietal_Lobe (Parietal),125: posterior_medial_cortex (PMC),127: posterior_cingulate_gyrus (PCgG),128: posterior_cingulate_cortex (PCC),134: area_v23 (area_v23),134: area_v23 (area_v23)
90: Parietal_Lobe (Parietal),125: posterior_medial_cortex (PMC),127: posterior_cingulate_gyrus (PCgG),128: posterior_cingulate_cortex (PCC),134: area_v23 (area_v23),134: area_v23 (area_v23)
90: Parietal_Lobe (Parietal),125: posterior_medial_cortex (PMC),127: posterior_cingulate_gyrus (PCgG),128: posterior_cingulate_cortex (PCC),134: area_v23 (area_v23),134: area_v23 (area_v23)
90: Parietal_Lobe (Parietal),125: posterior_medial_cortex (PMC),127: posterior_cingulate_gyrus (PCgG),135: retrosplenial_cortex (RSC),136: area_29 (area_29),136: area_29 (area_29)
90: Parietal_Lobe (Parietal),125: posterior_medial_cortex (PMC),127: posterior_cingulate_gyrus (PCgG),135: retrosplenial_cortex (RSC),137: area_30 (area_30),137: area_30 (area_30)
138: Temporal_Lobe (Temporal),139: medial_temporal_lobe (MTL),140: hippocampus (HC),141: hippocampal_formation (HiF),142: hippocampus_proper (CA_fields),143: hippocampal_subfields_CA1-CA3 (CA1-CA3)
138: Temporal_Lobe (Temporal),139: medial_temporal_lobe (MTL),140: hippocampus (HC),141: hippocampal_formation (HiF),142: hippocampus_proper (CA_fields),143: hippocampal_subfields_CA1-CA3 (CA1-CA3)
138: Temporal_Lobe (Temporal),139: medial_temporal_lobe (MTL),140: hippocampus (HC),141: hippocampal_formation (HiF),142: hippocampus_proper (CA_fields),143: hippocampal_subfields_CA1-CA3 (CA1-CA3)
138: Temporal_Lobe (Temporal),139: medial_temporal_lobe (MTL),140: hippocampus (HC),141: hippocampal_formation (HiF),142: hippocampus_proper (CA_fields),144: hippocampal_subfield_CA4 (CA4)
138: Temporal_Lobe (Temporal),139: medial_temporal_lobe (MTL),140: hippocampus (HC),141: hippocampal_formation (HiF),145: dentate_gyrus (DG),145: dentate_gyrus (DG)
138: Temporal_Lobe (Temporal),139: medial_temporal_lobe (MTL),140: hippocampus (HC),141: hippocampal_formation (HiF),146: subiculum_and_prosubiculum (Sub/proS),146: subiculum_and_prosubiculum (Sub/proS)
138: Temporal_Lobe (Temporal),139: medial_temporal_lobe (MTL),140: hippocampus (HC),141: hippocampal_formation (HiF),146: subiculum_and_prosubiculum (Sub/proS),146: subiculum_and_prosubiculum (Sub/proS)
138: Temporal_Lobe (Temporal),139: medial_temporal_lobe (MTL),140: hippocampus (HC),147: presubiculum_and_parasubiculum (preS/paraS),147: presubiculum_and_parasubiculum (preS/paraS),147: presubiculum_and_parasubiculum (preS/paraS)
138: Temporal_Lobe (Temporal),139: medial_temporal_lobe (MTL),140: hippocampus (HC),147: presubiculum_and_parasubiculum (preS/paraS),147: presubiculum_and_parasubiculum (preS/paraS),147: presubiculum_and_parasubiculum (preS/paraS)
138: Temporal_Lobe (Temporal),139: medial_temporal_lobe (MTL),148: parahippocampal_cortex (paraHipp),148: parahippocampal_cortex (paraHipp),149: areas_TF_and_TFO (TF/TFO),150: area_TFO (TFO)
138: Temporal_Lobe (Temporal),139: medial_temporal_lobe (MTL),148: parahippocampal_cortex (paraHipp),148: parahippocampal_cortex (paraHipp),149: areas_TF_and_TFO (TF/TFO),151: area_TF (TF)
138: Temporal_Lobe (Temporal),139: medial_temporal_lobe (MTL),148: parahippocampal_cortex (paraHipp),148: parahippocampal_cortex (paraHipp),152: area_TH (TH),152: area_TH (TH)
138: Temporal_Lobe (Temporal),139: medial_temporal_lobe (MTL),153: rhinal_cortex (Rh),154: entorhinal_cortex (ERh),155: caudal_entorhinal_cortex (caudal_ERh),156: caudal_division_of_entorhinal_cortex (EC)
138: Temporal_Lobe (Temporal),139: medial_temporal_lobe (MTL),153: rhinal_cortex (Rh),154: entorhinal_cortex (ERh),155: caudal_entorhinal_cortex (caudal_ERh),157: caudal_limiting_division_of_entorhinal_cortex (ECL)
138: Temporal_Lobe (Temporal),139: medial_temporal_lobe (MTL),153: rhinal_cortex (Rh),154: entorhinal_cortex (ERh),158: middle_entorhinal_cortex (mid_ERh),158: middle_entorhinal_cortex (mid_ERh)
138: Temporal_Lobe (Temporal),139: medial_temporal_lobe (MTL),153: rhinal_cortex (Rh),154: entorhinal_cortex (ERh),158: middle_entorhinal_cortex (mid_ERh),158: middle_entorhinal_cortex (mid_ERh)
138: Temporal_Lobe (Temporal),139: medial_temporal_lobe (MTL),153: rhinal_cortex (Rh),154: entorhinal_cortex (ERh),159: rostral_entorhinal_cortex (rostral_ERh),159: rostral_entorhinal_cortex (rostral_ERh)
138: Temporal_Lobe (Temporal),139: medial_temporal_lobe (MTL),153: rhinal_cortex (Rh),154: entorhinal_cortex (ERh),159: rostral_entorhinal_cortex (rostral_ERh),159: rostral_entorhinal_cortex (rostral_ERh)
138: Temporal_Lobe (Temporal),139: medial_temporal_lobe (MTL),153: rhinal_cortex (Rh),154: entorhinal_cortex (ERh),159: rostral_entorhinal_cortex (rostral_ERh),159: rostral_entorhinal_cortex (rostral_ERh)
138: Temporal_Lobe (Temporal),139: medial_temporal_lobe (MTL),153: rhinal_cortex (Rh),160: perirhinal_cortex (PRh),161: area_35 (area_35),161: area_35 (area_35)
138: Temporal_Lobe (Temporal),139: medial_temporal_lobe (MTL),153: rhinal_cortex (Rh),160: perirhinal_cortex (PRh),162: area_36 (area_36),163: caudal_area_36 (area_36c)
138: Temporal_Lobe (Temporal),139: medial_temporal_lobe (MTL),153: rhinal_cortex (Rh),160: perirhinal_cortex (PRh),162: area_36 (area_36),164: rostral_and_polar_area_36 (area_36r/p)
138: Temporal_Lobe (Temporal),139: medial_temporal_lobe (MTL),153: rhinal_cortex (Rh),160: perirhinal_cortex (PRh),162: area_36 (area_36),164: rostral_and_polar_area_36 (area_36r/p)
138: Temporal_Lobe (Temporal),165: temporal_pole (TG),165: temporal_pole (TG),166: agranular_temporal_pole (TGa),166: agranular_temporal_pole (TGa),166: agranular_temporal_pole (TGa)
138: Temporal_Lobe (Temporal),165: temporal_pole (TG),165: temporal_pole (TG),167: granular_and_dysgranular_temporal_pole (TGg/TGd),168: dysgranular_temporal_pole (TGd),169: dorsal_dysgranular_temporal_pole (TGdd)
138: Temporal_Lobe (Temporal),165: temporal_pole (TG),165: temporal_pole (TG),167: granular_and_dysgranular_temporal_pole (TGg/TGd),168: dysgranular_temporal_pole (TGd),170: ventral_dysgranular_temporal_pole (TGvd)
138: Temporal_Lobe (Temporal),165: temporal_pole (TG),165: temporal_pole (TG),167: granular_and_dysgranular_temporal_pole (TGg/TGd),171: granular_temporal_pole (TGg),172: dorsal_granular_temporal_pole (TGdg)
138: Temporal_Lobe (Temporal),165: temporal_pole (TG),165: temporal_pole (TG),167: granular_and_dysgranular_temporal_pole (TGg/TGd),171: granular_temporal_pole (TGg),173: ventral_granular_temporal_pole (TGvg)
138: Temporal_Lobe (Temporal),165: temporal_pole (TG),165: temporal_pole (TG),167: granular_and_dysgranular_temporal_pole (TGg/TGd),171: granular_temporal_pole (TGg),174: sts_part_of_temporal_pole (TGsts)
138: Temporal_Lobe (Temporal),175: inferior_temporal_cortex (ITC),176: area_TEO (TEO),176: area_TEO (TEO),176: area_TEO (TEO),176: area_TEO (TEO)
138: Temporal_Lobe (Temporal),175: inferior_temporal_cortex (ITC),177: area_TE (TE),178: gyral_aspect_of_area_TE (gyral_TE),179: posterior_area_TE (post_TE),180: posterior_ventral_area_TE (TEpv)
138: Temporal_Lobe (Temporal),175: inferior_temporal_cortex (ITC),177: area_TE (TE),178: gyral_aspect_of_area_TE (gyral_TE),179: posterior_area_TE (post_TE),181: posterior_dorsal_area_TE (TEpd)
138: Temporal_Lobe (Temporal),175: inferior_temporal_cortex (ITC),177: area_TE (TE),178: gyral_aspect_of_area_TE (gyral_TE),182: anterior_area_TE (ant_TE),183: anterior_ventral_area_TE (TEav)
138: Temporal_Lobe (Temporal),175: inferior_temporal_cortex (ITC),177: area_TE (TE),178: gyral_aspect_of_area_TE (gyral_TE),182: anterior_area_TE (ant_TE),184: anterior_dorsal_area_TE (TEad)
138: Temporal_Lobe (Temporal),175: inferior_temporal_cortex (ITC),177: area_TE (TE),185: area_TE_in_the_ventral_STS (TE_in_STSv),185: area_TE_in_the_ventral_STS (TE_in_STSv),186: area_TEm (TEm)
138: Temporal_Lobe (Temporal),175: inferior_temporal_cortex (ITC),177: area_TE (TE),185: area_TE_in_the_ventral_STS (TE_in_STSv),185: area_TE_in_the_ventral_STS (TE_in_STSv),187: area_TEa (TEa)
138: Temporal_Lobe (Temporal),175: inferior_temporal_cortex (ITC),188: fundus_of_the_superior_temporal_sulcus (STSf),188: fundus_of_the_superior_temporal_sulcus (STSf),189: anterior_fundus_of_the_superior_temporal_sulcus (ant_STSf),190: area_IPa (IPa)
138: Temporal_Lobe (Temporal),175: inferior_temporal_cortex (ITC),188: fundus_of_the_superior_temporal_sulcus (STSf),188: fundus_of_the_superior_temporal_sulcus (STSf),189: anterior_fundus_of_the_superior_temporal_sulcus (ant_STSf),191: area_PGa (PGa)
138: Temporal_Lobe (Temporal),175: inferior_temporal_cortex (ITC),188: fundus_of_the_superior_temporal_sulcus (STSf),188: fundus_of_the_superior_temporal_sulcus (STSf),192: floor_of_the_superior_temporal_area (FST),192: floor_of_the_superior_temporal_area (FST)
138: Temporal_Lobe (Temporal),193: superior_temporal_region (STG/STSd),194: rostral_superior_temporal_region (STGr/STSd),195: dorsal_bank_of_the_superior_temporal_sulcus (STSd),196: temporal_parietooccipital_associated_area (TPO),196: temporal_parietooccipital_associated_area (TPO)
138: Temporal_Lobe (Temporal),193: superior_temporal_region (STG/STSd),194: rostral_superior_temporal_region (STGr/STSd),195: dorsal_bank_of_the_superior_temporal_sulcus (STSd),197: area_TAa (TAa),197: area_TAa (TAa)
138: Temporal_Lobe (Temporal),193: superior_temporal_region (STG/STSd),194: rostral_superior_temporal_region (STGr/STSd),198: rostral_superior_temporal_gyrus (STGr),198: rostral_superior_temporal_gyrus (STGr),198: rostral_superior_temporal_gyrus (STGr)
138: Temporal_Lobe (Temporal),193: superior_temporal_region (STG/STSd),199: caudal_superior_temporal_gyrus (STGc),199: caudal_superior_temporal_gyrus (STGc),200: temporo-parietal_area (Tpt),200: temporo-parietal_area (Tpt)
138: Temporal_Lobe (Temporal),193: superior_temporal_region (STG/STSd),199: caudal_superior_temporal_gyrus (STGc),199: caudal_superior_temporal_gyrus (STGc),201: parabelt_areas_of_auditory_cortex (parabelt),202: caudal_parabelt_region (CPB)
138: Temporal_Lobe (Temporal),193: superior_temporal_region (STG/STSd),199: caudal_superior_temporal_gyrus (STGc),199: caudal_superior_temporal_gyrus (STGc),201: parabelt_areas_of_auditory_cortex (parabelt),203: rostral_parabelt_region (RPB)
138: Temporal_Lobe (Temporal),204: core_and_belt_areas_of_auditory_cortex (core/belt),205: belt_areas_of_auditory_cortex (belt),206: lateral_belt_areas (lat_belt),207: caudal_areas_of_the_lateral_belt (CL/ML),208: caudal_lateral_belt_region (CL)
138: Temporal_Lobe (Temporal),204: core_and_belt_areas_of_auditory_cortex (core/belt),205: belt_areas_of_auditory_cortex (belt),206: lateral_belt_areas (lat_belt),207: caudal_areas_of_the_lateral_belt (CL/ML),209: middle_lateral_belt_region (ML)
138: Temporal_Lobe (Temporal),204: core_and_belt_areas_of_auditory_cortex (core/belt),205: belt_areas_of_auditory_cortex (belt),206: lateral_belt_areas (lat_belt),210: rostral_areas_of_the_lateral_belt (AL/RTL),211: anterior_lateral_belt_region (AL)
138: Temporal_Lobe (Temporal),204: core_and_belt_areas_of_auditory_cortex (core/belt),205: belt_areas_of_auditory_cortex (belt),206: lateral_belt_areas (lat_belt),210: rostral_areas_of_the_lateral_belt (AL/RTL),212: lateral_rostrotemporal_belt_region (RTL)
138: Temporal_Lobe (Temporal),204: core_and_belt_areas_of_auditory_cortex (core/belt),205: belt_areas_of_auditory_cortex (belt),213: medial_belt_areas (med_belt),214: caudomedial_belt_region (CM),214: caudomedial_belt_region (CM)
138: Temporal_Lobe (Temporal),204: core_and_belt_areas_of_auditory_cortex (core/belt),205: belt_areas_of_auditory_cortex (belt),213: medial_belt_areas (med_belt),215: rostral_areas_of_the_medial_belt (RM/RTM),216: rostromedial_belt_region (RM)
138: Temporal_Lobe (Temporal),204: core_and_belt_areas_of_auditory_cortex (core/belt),205: belt_areas_of_auditory_cortex (belt),213: medial_belt_areas (med_belt),215: rostral_areas_of_the_medial_belt (RM/RTM),217: medial_rostrotemporal_belt_region (RTM)
138: Temporal_Lobe (Temporal),204: core_and_belt_areas_of_auditory_cortex (core/belt),218: polar_rostrotemporal_cortex (RTp),218: polar_rostrotemporal_cortex (RTp),218: polar_rostrotemporal_cortex (RTp),218: polar_rostrotemporal_cortex (RTp)
138: Temporal_Lobe (Temporal),204: core_and_belt_areas_of_auditory_cortex (core/belt),219: core_areas_of_auditory_cortex (core),219: core_areas_of_auditory_cortex (core),220: rostral_areas_of_the_core (R/RT),221: rostral_core_region (R)
138: Temporal_Lobe (Temporal),204: core_and_belt_areas_of_auditory_cortex (core/belt),219: core_areas_of_auditory_cortex (core),219: core_areas_of_auditory_cortex (core),220: rostral_areas_of_the_core (R/RT),222: rostrotemporal_core_region (RT)
138: Temporal_Lobe (Temporal),204: core_and_belt_areas_of_auditory_cortex (core/belt),219: core_areas_of_auditory_cortex (core),219: core_areas_of_auditory_cortex (core),223: primary_auditory_cortex (AI),223: primary_auditory_cortex (AI)
138: Temporal_Lobe (Temporal),224: floor_of_the_lateral_sulcus (floor_of_ls),224: floor_of_the_lateral_sulcus (floor_of_ls),225: insula_and_parainsula (Ins/Pi),226: parainsula (Pi),226: parainsula (Pi)
138: Temporal_Lobe (Temporal),224: floor_of_the_lateral_sulcus (floor_of_ls),224: floor_of_the_lateral_sulcus (floor_of_ls),225: insula_and_parainsula (Ins/Pi),227: insula (Ins),228: agranular_and_dysgranular_insula (Ia/Id)
138: Temporal_Lobe (Temporal),224: floor_of_the_lateral_sulcus (floor_of_ls),224: floor_of_the_lateral_sulcus (floor_of_ls),225: insula_and_parainsula (Ins/Pi),227: insula (Ins),228: agranular_and_dysgranular_insula (Ia/Id)
138: Temporal_Lobe (Temporal),224: floor_of_the_lateral_sulcus (floor_of_ls),224: floor_of_the_lateral_sulcus (floor_of_ls),225: insula_and_parainsula (Ins/Pi),227: insula (Ins),229: granular_insula (Ig)
138: Temporal_Lobe (Temporal),224: floor_of_the_lateral_sulcus (floor_of_ls),224: floor_of_the_lateral_sulcus (floor_of_ls),230: retroinsula (Ri),230: retroinsula (Ri),230: retroinsula (Ri)
231: Occipital_Lobe (Occipital),232: middle_temporal_area (MT),232: middle_temporal_area (MT),232: middle_temporal_area (MT),232: middle_temporal_area (MT),232: middle_temporal_area (MT)
231: Occipital_Lobe (Occipital),233: extrastriate_visual_areas_2-4 (V2-V4),234: visual_area_4 (V4),234: visual_area_4 (V4),235: dorsal_visual_area_4 (V4d),235: dorsal_visual_area_4 (V4d)
231: Occipital_Lobe (Occipital),233: extrastriate_visual_areas_2-4 (V2-V4),234: visual_area_4 (V4),234: visual_area_4 (V4),235: dorsal_visual_area_4 (V4d),235: dorsal_visual_area_4 (V4d)
231: Occipital_Lobe (Occipital),233: extrastriate_visual_areas_2-4 (V2-V4),234: visual_area_4 (V4),234: visual_area_4 (V4),235: dorsal_visual_area_4 (V4d),235: dorsal_visual_area_4 (V4d)
231: Occipital_Lobe (Occipital),233: extrastriate_visual_areas_2-4 (V2-V4),234: visual_area_4 (V4),234: visual_area_4 (V4),236: ventral_visual_area_4 (V4v),236: ventral_visual_area_4 (V4v)
231: Occipital_Lobe (Occipital),233: extrastriate_visual_areas_2-4 (V2-V4),237: preoccipital_visual_areas_2-3 (V2-V3),238: visual_area_3 (V3),239: visual_areas_V3d_and_V3A (V3d/V3A),240: visual_area_V3A (V3A)
231: Occipital_Lobe (Occipital),233: extrastriate_visual_areas_2-4 (V2-V4),237: preoccipital_visual_areas_2-3 (V2-V3),238: visual_area_3 (V3),239: visual_areas_V3d_and_V3A (V3d/V3A),241: dorsal_visual_area_3 (V3d)
231: Occipital_Lobe (Occipital),233: extrastriate_visual_areas_2-4 (V2-V4),237: preoccipital_visual_areas_2-3 (V2-V3),238: visual_area_3 (V3),242: ventral_visual_area_3 (V3v),242: ventral_visual_area_3 (V3v)
231: Occipital_Lobe (Occipital),233: extrastriate_visual_areas_2-4 (V2-V4),237: preoccipital_visual_areas_2-3 (V2-V3),243: visual_area_2 (V2),243: visual_area_2 (V2),244: possibly_part_of_visual_area_2 (possibly_V2)
231: Occipital_Lobe (Occipital),233: extrastriate_visual_areas_2-4 (V2-V4),237: preoccipital_visual_areas_2-3 (V2-V3),243: visual_area_2 (V2),243: visual_area_2 (V2),244: possibly_part_of_visual_area_2 (possibly_V2)
231: Occipital_Lobe (Occipital),233: extrastriate_visual_areas_2-4 (V2-V4),237: preoccipital_visual_areas_2-3 (V2-V3),243: visual_area_2 (V2),243: visual_area_2 (V2),245: clearly_part_of_visual_area_2 (clearly_V2)
231: Occipital_Lobe (Occipital),246: primary_visual_cortex (V1),246: primary_visual_cortex (V1),246: primary_visual_cortex (V1),246: primary_visual_cortex (V1),246: primary_visual_cortex (V1)
